{"go1_walking_ad": {"obs_mean": [0.018760167062282562, 0.006368352100253105, -0.007166226394474506, -0.020736848935484886, -0.011826951056718826, -0.999814510345459, 0.9999989867210388, 0.0, 0.0, 0.015509971417486668, 0.2691054940223694, 0.02004837617278099, -0.0005473002092912793, 0.21704356372356415, -0.02685389667749405, -0.004082196857780218, 0.15429776906967163, -0.084259532392025, 0.030177602544426918, 0.13908882439136505, 0.0001902820513350889, 0.005778985563665628, 0.057768579572439194, 0.004235760308802128, -0.0017167265759781003, 0.04944399744272232, -0.007048556115478277, -0.0013208125019446015, 0.03687598928809166, -0.018509889021515846, -0.0032453250605612993, 0.039738744497299194, -0.00475355563685298], "obs_std": [0.20489855110645294, 0.17469747364521027, 0.06972339749336243, 0.04848765209317207, 0.052948739379644394, 0.006143864244222641, 0.000999770243652165, 0.0, 0.0, 0.06648887693881989, 0.28926882147789, 0.13360315561294556, 0.059232790023088455, 0.2838793396949768, 0.11692123860120773, 0.06432581692934036, 0.24261142313480377, 0.14561468362808228, 0.09655282646417618, 0.281924843788147, 0.15212298929691315, 0.046460095793008804, 0.14520791172981262, 0.08857233077287674, 0.041498273611068726, 0.13454598188400269, 0.07146915793418884, 0.04451167583465576, 0.13212791085243225, 0.09993775933980942, 0.06916245073080063, 0.14304664731025696, 0.10563086718320847], "acs_mean": [0.34678059816360474, 0.8960884809494019, 0.8509820699691772, -0.22880582511425018, 0.6991939544677734, 0.5788037180900574, 0.10761789977550507, 0.8748272657394409, 0.22253648936748505, -0.12396062910556793, 0.8435761332511902, 0.6654295921325684], "acs_std": [0.8251323103904724, 2.4009594917297363, 1.337900996208191, 0.7754846215248108, 2.2791454792022705, 1.2688335180282593, 0.7646486163139343, 2.210083484649658, 1.473101019859314, 0.9490649104118347, 2.2422306537628174, 1.3135193586349487]}}