{"go1_walking_ad": {"obs_mean": [0.001192788826301694, -0.0019200514070689678, 0.003484725020825863, -0.019250281155109406, 0.007277483120560646, -0.9999719262123108, 0.9999966621398926, 0.0, 0.0, -0.06363749504089355, 0.11976251006126404, -0.046553704887628555, 0.003046096535399556, 0.054697129875421524, -0.10075937211513519, 0.012860924936830997, 0.17744311690330505, -0.02459511160850525, 0.19892412424087524, 0.07812938839197159, 0.08639226853847504, -0.0002549848868511617, 0.000785070180427283, -0.0013851248659193516, -1.2167454769951291e-05, 0.0004892619326710701, -0.0023674562107771635, -0.00020965177100151777, 0.0027697887271642685, -0.0008182157180272043, 0.0010171880712732673, 0.002847728319466114, -0.0007811413961462677], "obs_std": [0.12864939868450165, 0.11621512472629547, 0.042633190751075745, 0.02628985233604908, 0.030449731275439262, 0.002979269018396735, 0.0018243235535919666, 0.0, 0.0, 0.04710124805569649, 0.11303367465734482, 0.10754729807376862, 0.041762035340070724, 0.11210578680038452, 0.11110472679138184, 0.04271777346730232, 0.16340598464012146, 0.08334523439407349, 0.07393346726894379, 0.1814490556716919, 0.12442495673894882, 0.02682989463210106, 0.08150722831487656, 0.05160747841000557, 0.024818161502480507, 0.08553380519151688, 0.06015832722187042, 0.030568290501832962, 0.07969950139522552, 0.0612073689699173, 0.03757037967443466, 0.07571343332529068, 0.06538189202547073], "acs_mean": [0.09187012165784836, 0.35030674934387207, 0.8277124166488647, -0.14191477000713348, 0.14727820456027985, 0.6395279169082642, 0.2708558142185211, 0.5147599577903748, 0.5671213269233704, 0.327037513256073, 0.1356372833251953, 0.8845342993736267], "acs_std": [0.6340682506561279, 1.2410310506820679, 1.0688997507095337, 0.5401383638381958, 1.259736180305481, 1.0189268589019775, 0.5619761347770691, 1.1741607189178467, 1.1002012491226196, 0.7183606624603271, 1.1877799034118652, 0.9730652570724487]}, "go2_walking_ad": {"obs_mean": [-0.0009744204580783844, 0.0021990840323269367, -0.0009696957422420382, 0.03233719244599342, 0.02305838279426098, -0.9999604225158691, 0.9999966621398926, 0.0, 0.0, -0.08685771375894547, 0.18116793036460876, -0.16350114345550537, 0.02237662859261036, 0.1764461100101471, -0.26850035786628723, -0.017170704901218414, 0.13748711347579956, -0.023677298799157143, 0.03925258293747902, 0.14310340583324432, -0.06448904424905777, -0.0011290600523352623, 0.0032093210611492395, -0.0013934161979705095, 0.0005936679081059992, 0.003588639199733734, -0.0024101780727505684, 7.528886635554954e-05, 0.003987735603004694, -0.001035377848893404, 9.605474042473361e-05, 0.003802899969741702, -0.0008813382592052221], "obs_std": [0.12194409966468811, 0.10990814864635468, 0.04856255277991295, 0.04037905111908913, 0.03241175413131714, 0.003748319810256362, 0.0018242213409394026, 0.0, 0.0, 0.06220061704516411, 0.13297110795974731, 0.1039237380027771, 0.04864518344402313, 0.1452370584011078, 0.09710019081830978, 0.04598507285118103, 0.17454984784126282, 0.09047198295593262, 0.046305280178785324, 0.16592912375926971, 0.10168204456567764, 0.029064949601888657, 0.07641426473855972, 0.04805478826165199, 0.02603399008512497, 0.09253009408712387, 0.055121470242738724, 0.02920033037662506, 0.08601633459329605, 0.06763875484466553, 0.029866870492696762, 0.06999099254608154, 0.07819828391075134], "acs_mean": [0.07983623445034027, 0.1364680826663971, 0.24918167293071747, -0.24474477767944336, 0.047248438000679016, 0.09509067237377167, 0.15912862122058868, 0.5219221115112305, 0.570504903793335, -0.08007539063692093, 0.5844751596450806, 0.5013663172721863], "acs_std": [0.6390330195426941, 1.12195885181427, 1.0715278387069702, 0.5758393406867981, 1.1708048582077026, 1.3049838542938232, 0.6212892532348633, 1.178581714630127, 1.0882982015609741, 0.6111021041870117, 1.1535290479660034, 1.2556955814361572]}, "a1_walking_ad": {"obs_mean": [-0.0020481145475059748, -0.001389173325151205, -0.0006678466452285647, 0.05449496582150459, 0.025731276720762253, -0.9999645948410034, 0.9999966621398926, 0.0, 0.0, -0.01596526801586151, 0.15529997646808624, -0.35870859026908875, 0.017034996300935745, 0.09120292961597443, -0.41865891218185425, -0.023653078824281693, 0.15523432195186615, -0.05121402442455292, 0.03961583599448204, 0.16171951591968536, -0.0949627235531807, -1.2222778423165437e-05, 0.0012901839800179005, -0.00235671061091125, 8.249062375398353e-05, 0.0011261114850640297, -0.0029435025062412024, -0.00025557068875059485, 0.0031366890762001276, -0.0010769356740638614, 0.0004590684548020363, 0.00346219539642334, -0.0013351391535252333], "obs_std": [0.11430767178535461, 0.11143626272678375, 0.0453961044549942, 0.05147109925746918, 0.030930520966649055, 0.004685910418629646, 0.0018241478828713298, 0.0, 0.0, 0.04327014833688736, 0.13593240082263947, 0.09110958129167557, 0.04232580214738846, 0.14365114271640778, 0.08526860922574997, 0.041865911334753036, 0.1605721414089203, 0.08564058691263199, 0.04707479476928711, 0.16362981498241425, 0.10036635398864746, 0.023991979658603668, 0.09642362594604492, 0.054326381534338, 0.024326685816049576, 0.10804912447929382, 0.05461893230676651, 0.026056816801428795, 0.07975678890943527, 0.07052887231111526, 0.025730565190315247, 0.06734944134950638, 0.07884453237056732], "acs_mean": [0.24865584075450897, 0.4036341607570648, -0.4128277897834778, -0.09934202581644058, 0.12900462746620178, -0.5716983675956726, 0.07110126316547394, 0.5880165100097656, 0.4238685667514801, -0.14630164206027985, 0.3875083923339844, 0.2691500782966614], "acs_std": [0.6005158424377441, 1.2659626007080078, 1.0742969512939453, 0.5282952785491943, 1.249277949333191, 1.0856770277023315, 0.533929705619812, 1.178879737854004, 1.1148157119750977, 0.5976446270942688, 1.1515684127807617, 1.1898624897003174]}, "minicheetah_walking_ad": {"obs_mean": [0.0018581303302198648, -0.001790084526874125, -0.0017491872422397137, -0.003763688961043954, -0.009553385898470879, -0.9999505281448364, 0.9999966621398926, 0.0, 0.0, 0.04155619814991951, 0.4171164333820343, -0.009961498901247978, -0.07460011541843414, 0.42976436018943787, -0.015213342383503914, 0.04513167962431908, 0.10717467218637466, 0.03564172238111496, -0.019028987735509872, 0.11444524675607681, 0.020807452499866486, -0.000923714367672801, 0.005575329996645451, 0.0008379114442504942, 0.0009150698897428811, 0.005627028178423643, -0.00013334323011804372, 0.00012372435594443232, 0.0051991622895002365, 0.0006415107054635882, -0.00026289751986041665, 0.0048132045194506645, 0.0007655589142814279], "obs_std": [0.28359082341194153, 0.12114331871271133, 0.05145305022597313, 0.04142037034034729, 0.04375216364860535, 0.0037840623408555984, 0.0018242551013827324, 0.0, 0.0, 0.08791555464267731, 0.06134319677948952, 0.07508348673582077, 0.0960201695561409, 0.058430612087249756, 0.07221319526433945, 0.0604424849152565, 0.15743595361709595, 0.061884306371212006, 0.05294579640030861, 0.15799178183078766, 0.06617032736539841, 0.05958486720919609, 0.06088578701019287, 0.07476156949996948, 0.05823284387588501, 0.060459744185209274, 0.07460039854049683, 0.053850408643484116, 0.08990633487701416, 0.04780749976634979, 0.05169132351875305, 0.08346011489629745, 0.05610984191298485], "acs_mean": [0.15948361158370972, -1.145707130432129, -0.42121726274490356, -0.22544321417808533, -0.6901482939720154, -0.46791934967041016, 0.022851625457406044, 0.14845390617847443, -0.6198839545249939, 0.04780614376068115, 0.213704451918602, -0.5706797242164612], "acs_std": [0.6754992008209229, 1.7332508563995361, 0.800670325756073, 0.6875155568122864, 1.54982590675354, 0.7656440138816833, 0.6390381455421448, 1.5755980014801025, 0.7706040740013123, 0.6197577714920044, 1.459293246269226, 0.7853296399116516]}}