{"minicheetah_walking_ad": {"obs_mean": [-0.0019313086522743106, -0.0017692861147224903, -0.006029649171978235, 0.016248641535639763, -0.0012385420268401504, -0.9998481869697571, 0.9999989867210388, 0.0, 0.0, -0.016682276502251625, 0.29129791259765625, 0.00042324053356423974, 0.006033360958099365, 0.39655596017837524, -0.030802322551608086, -0.009318833239376545, 0.175918847322464, -0.06469079852104187, 0.0067877559922635555, 0.19384324550628662, -0.05568027123808861, -0.005625464022159576, 0.018982596695423126, -0.0030940535943955183, 0.006679026409983635, 0.023017283529043198, -0.00567961810156703, 4.724929021904245e-05, 0.02597144991159439, -0.009227217175066471, -0.002273218473419547, 0.027043098583817482, -0.0059076230973005295], "obs_std": [0.2802468240261078, 0.18108682334423065, 0.07880844175815582, 0.047564614564180374, 0.053837720304727554, 0.004980749450623989, 0.000999764772132039, 0.0, 0.0, 0.1034460961818695, 0.11105312407016754, 0.06811176985502243, 0.12239513546228409, 0.12355399876832962, 0.07733777165412903, 0.09700845927000046, 0.23285344243049622, 0.10815149545669556, 0.09163130819797516, 0.2400006353855133, 0.07991594821214676, 0.07201439142227173, 0.09679634869098663, 0.058644041419029236, 0.07957254350185394, 0.11489566415548325, 0.06330598890781403, 0.0661323070526123, 0.14652593433856964, 0.07407210767269135, 0.061906248331069946, 0.1485331803560257, 0.061485711485147476], "acs_mean": [-0.05692806839942932, -4.297265529632568, -0.3648749589920044, 0.09884154051542282, -1.6985417604446411, -0.5438107252120972, -0.14645598828792572, 0.5560973882675171, -0.9923521280288696, 0.1404702216386795, 0.571708083152771, -0.908207893371582], "acs_std": [1.0508501529693604, 3.059507131576538, 0.9131766557693481, 1.0395472049713135, 2.4646387100219727, 0.8814379572868347, 0.980780839920044, 2.3734872341156006, 1.023016333580017, 0.904871940612793, 2.3553829193115234, 1.0219124555587769]}}