{"minicheetah_walking_ad": {"obs_mean": [0.0014458182267844677, -0.006125567015260458, -0.00022592303866986185, 0.024196859449148178, 0.0015243252273648977, -0.9998410940170288, 0.9999989867210388, 0.0, 0.0, 0.0022580293007194996, 0.43253034353256226, -0.014445732347667217, 0.00739646889269352, 0.4223438799381256, -0.011788873933255672, 0.03107321448624134, 0.1637915074825287, -0.04815911874175072, -0.04736855626106262, 0.169457346200943, -0.037437256425619125, -0.004222274292260408, 0.022001663222908974, -0.0043707494623959064, 0.004212351981550455, 0.022153817117214203, -0.004468587692826986, 0.003831136040389538, 0.027778811752796173, -0.005578151438385248, -0.0023145638406276703, 0.02823738195002079, -0.004923312924802303], "obs_std": [0.3236905336380005, 0.18966183066368103, 0.07403139770030975, 0.04928922280669212, 0.058057792484760284, 0.005258276127278805, 0.0009996469598263502, 0.0, 0.0, 0.12600496411323547, 0.12666063010692596, 0.0738135278224945, 0.125143900513649, 0.13067209720611572, 0.0862685889005661, 0.08514852076768875, 0.24632272124290466, 0.08528126776218414, 0.08011969178915024, 0.2608609199523926, 0.07939675450325012, 0.08629120886325836, 0.11134523898363113, 0.062326204031705856, 0.08937714248895645, 0.12209264934062958, 0.07339329272508621, 0.06892970949411392, 0.14335660636425018, 0.06640562415122986, 0.06900826841592789, 0.14802893996238708, 0.05974708870053291], "acs_mean": [0.1480412483215332, -0.5182287693023682, -0.4729737639427185, 0.007513237185776234, -1.099595308303833, -0.46400174498558044, 0.005579488817602396, 0.560285747051239, -0.8402111530303955, -0.05441274866461754, 0.5677498579025269, -0.79649817943573], "acs_std": [0.957616925239563, 2.418177604675293, 0.8728554248809814, 1.0068707466125488, 2.4077930450439453, 0.8620560765266418, 0.9223941564559937, 2.33534574508667, 1.001027226448059, 0.9196480512619019, 2.3696036338806152, 0.9939548373222351]}}