{"go2_walking_ad": {"obs_mean": [-0.0002796390908770263, -0.009673088788986206, -0.003020023461431265, 0.017090722918510437, 0.01702977903187275, -0.9998571872711182, 1.0, 0.0, 0.0, -0.08514227718114853, 0.18470722436904907, -0.1684441715478897, 0.024656612426042557, 0.18784303963184357, -0.25515642762184143, -0.009771510027348995, 0.21258845925331116, -0.026521380990743637, 0.021970052272081375, 0.21773771941661835, -0.0682804137468338, -0.0030248609837144613, 0.01307996828109026, -0.01250459998846054, 0.0015032666269689798, 0.01351880095899105, -0.013621954247355461, 0.0003155127924401313, 0.031292516738176346, -0.006788797676563263, -0.0004186584264971316, 0.03054172545671463, -0.007953987456858158, 0.027409153059124947, 0.2158910185098648, 0.17286454141139984, -0.1961328387260437, 0.14116692543029785, 0.047656796872615814, 0.13714227080345154, 0.9365848302841187, 0.43905314803123474, -0.09697549045085907, 0.9978347420692444, 0.36126670241355896], "obs_std": [0.18398436903953552, 0.15338067710399628, 0.06650520116090775, 0.05471799895167351, 0.04612576588988304, 0.0049810768105089664, 0.0, 0.0, 0.0, 0.08707981556653976, 0.1996077001094818, 0.14351609349250793, 0.0736728087067604, 0.2108110934495926, 0.1368081122636795, 0.07823644578456879, 0.27490338683128357, 0.12774331867694855, 0.07664895057678223, 0.26760348677635193, 0.1357714980840683, 0.048337679356336594, 0.10173121094703674, 0.07626872509717941, 0.045669302344322205, 0.11306586116552353, 0.08168385177850723, 0.05142348259687424, 0.13403083384037018, 0.08872669190168381, 0.05054864659905434, 0.12455497682094574, 0.09704354405403137, 0.9431790113449097, 1.9914484024047852, 1.2385302782058716, 0.910683810710907, 2.012592077255249, 1.4297202825546265, 0.9242941737174988, 2.1662683486938477, 1.2515290975570679, 0.9092938899993896, 2.1394200325012207, 1.3817747831344604], "acs_mean": [0.027409153059124947, 0.2158910185098648, 0.17286454141139984, -0.1961328387260437, 0.14116692543029785, 0.047656796872615814, 0.13714227080345154, 0.9365848302841187, 0.43905314803123474, -0.09697549045085907, 0.9978347420692444, 0.36126670241355896], "acs_std": [0.9431790113449097, 1.9914484024047852, 1.2385302782058716, 0.910683810710907, 2.012592077255249, 1.4297202825546265, 0.9242941737174988, 2.1662683486938477, 1.2515290975570679, 0.9092938899993896, 2.1394200325012207, 1.3817747831344604]}}