{
  "go2_walking_ad": {
    "obs_mean": [
      -0.0002792257000692189,
      -0.009672978892922401,
      -0.0030200115870684385,
      0.017090585082769394,
      0.01702968031167984,
      -0.999856173992157,
      0.9999989867210388,
      0.0,
      0.0,
      -0.08514223247766495,
      0.1847066581249237,
      -0.1684442013502121,
      0.02465660870075226,
      0.18784305453300476,
      -0.25515612959861755,
      -0.009771574288606644,
      0.21258829534053802,
      -0.026521146297454834,
      0.02197013981640339,
      0.2177373319864273,
      -0.06828057020902634,
      -0.003024787176400423,
      0.013079770840704441,
      -0.01250472292304039,
      0.001503292820416391,
      0.013518827967345715,
      -0.013621832244098186,
      0.0003154045552946627,
      0.03129260987043381,
      -0.006788752041757107,
      -0.00041856628376990557,
      0.030541276559233665,
      -0.007954156957566738
    ],
    "obs_std": [
      0.18398316204547882,
      0.15338067710399628,
      0.06650502979755402,
      0.0547180101275444,
      0.04612566530704498,
      0.005067237187176943,
      0.0009997306624427438,
      0.0,
      0.0,
      0.08707962185144424,
      0.199607253074646,
      0.14351634681224823,
      0.07367260009050369,
      0.21081076562404633,
      0.13680818676948547,
      0.07823635637760162,
      0.27490314841270447,
      0.12774324417114258,
      0.07664869725704193,
      0.2676028907299042,
      0.13577085733413696,
      0.04833756387233734,
      0.10173109173774719,
      0.0762685164809227,
      0.04566916078329086,
      0.11306560784578323,
      0.08168362081050873,
      0.0514233335852623,
      0.1340305209159851,
      0.08872652053833008,
      0.05054864659905434,
      0.12455468624830246,
      0.09704326093196869
    ],
    "acs_mean": [
      0.027409153059124947,
      0.2158910185098648,
      0.17286454141139984,
      -0.1961328387260437,
      0.14116692543029785,
      0.047656796872615814,
      0.13714227080345154,
      0.9365848302841187,
      0.43905314803123474,
      -0.09697549045085907,
      0.9978347420692444,
      0.36126670241355896
    ],
    "acs_std": [
      0.9431790113449097,
      1.9914484024047852,
      1.2385302782058716,
      0.910683810710907,
      2.012592077255249,
      1.4297202825546265,
      0.9242941737174988,
      2.1662683486938477,
      1.2515290975570679,
      0.9092938899993896,
      2.1394200325012207,
      1.3817747831344604
    ]
  },
  "minicheetah_walking_ad": {
    "obs_mean": [
      0.0014458182267844677,
      -0.006125567015260458,
      -0.00022592303866986185,
      0.024196859449148178,
      0.0015243252273648977,
      -0.9998410940170288,
      0.9999989867210388,
      0.0,
      0.0,
      0.0022580293007194996,
      0.43253034353256226,
      -0.014445732347667217,
      0.00739646889269352,
      0.4223438799381256,
      -0.011788873933255672,
      0.03107321448624134,
      0.1637915074825287,
      -0.04815911874175072,
      -0.04736855626106262,
      0.169457346200943,
      -0.037437256425619125,
      -0.004222274292260408,
      0.022001663222908974,
      -0.0043707494623959064,
      0.004212351981550455,
      0.022153817117214203,
      -0.004468587692826986,
      0.003831136040389538,
      0.027778811752796173,
      -0.005578151438385248,
      -0.0023145638406276703,
      0.02823738195002079,
      -0.004923312924802303
    ],
    "obs_std": [
      0.3236905336380005,
      0.18966183066368103,
      0.07403139770030975,
      0.04928922280669212,
      0.058057792484760284,
      0.005258276127278805,
      0.0009996469598263502,
      0.0,
      0.0,
      0.12600496411323547,
      0.12666063010692596,
      0.0738135278224945,
      0.125143900513649,
      0.13067209720611572,
      0.0862685889005661,
      0.08514852076768875,
      0.24632272124290466,
      0.08528126776218414,
      0.08011969178915024,
      0.2608609199523926,
      0.07939675450325012,
      0.08629120886325836,
      0.11134523898363113,
      0.062326204031705856,
      0.08937714248895645,
      0.12209264934062958,
      0.07339329272508621,
      0.06892970949411392,
      0.14335660636425018,
      0.06640562415122986,
      0.06900826841592789,
      0.14802893996238708,
      0.05974708870053291
    ],
    "acs_mean": [
      0.1480412483215332,
      -0.5182287693023682,
      -0.4729737639427185,
      0.007513237185776234,
      -1.099595308303833,
      -0.46400174498558044,
      0.005579488817602396,
      0.560285747051239,
      -0.8402111530303955,
      -0.05441274866461754,
      0.5677498579025269,
      -0.79649817943573
    ],
    "acs_std": [
      0.957616925239563,
      2.418177604675293,
      0.8728554248809814,
      1.0068707466125488,
      2.4077930450439453,
      0.8620560765266418,
      0.9223941564559937,
      2.33534574508667,
      1.001027226448059,
      0.9196480512619019,
      2.3696036338806152,
      0.9939548373222351
    ]
  }
}