{
  "Model_1": {
    "model_name": "Model_1",
    "model_path": "logs/go2-walking/model_300.pt",
    "num_episodes": 20,
    "num_seeds": 2,
    "mean_reward": 21.33423000543262,
    "std_reward": 0.01080443054589391,
    "mean_length": 1000.0,
    "std_length": 0.0,
    "mean_ttf": 20.0,
    "std_ttf": 0.0,
    "success_rate": 1.0,
    "rewards": [
      21.358301141066477,
      21.358439347241074,
      21.3234187848866,
      21.342958549037576,
      21.321705685462803,
      21.322146042250097,
      21.325256038689986,
      21.3255912757013,
      21.340846228413284,
      21.33841666439548,
      21.335535489954054,
      21.333959344541654,
      21.334917810047045,
      21.33538660046179,
      21.339548917952925,
      21.329020869219676,
      21.321252276888117,
      21.324322427390143,
      21.329103777883574,
      21.344472837168723
    ],
    "lengths": [
      1000,
      1000,
      1000,
      1000,
      1000,
      1000,
      1000,
      1000,
      1000,
      1000,
      1000,
      1000,
      1000,
      1000,
      1000,
      1000,
      1000,
      1000,
      1000,
      1000
    ],
    "ttfs": [
      20.0,
      20.0,
      20.0,
      20.0,
      20.0,
      20.0,
      20.0,
      20.0,
      20.0,
      20.0,
      20.0,
      20.0,
      20.0,
      20.0,
      20.0,
      20.0,
      20.0,
      20.0,
      20.0,
      20.0
    ],
    "successes": [
      true,
      true,
      true,
      true,
      true,
      true,
      true,
      true,
      true,
      true,
      true,
      true,
      true,
      true,
      true,
      true,
      true,
      true,
      true,
      true
    ]
  }
}