{
  "Model_1": {
    "model_name": "Model_1",
    "model_path": "logs/go2-walking/model_300.pt",
    "num_episodes": 250,
    "num_seeds": 5,
    "mean_reward": -0.17933165296306833,
    "std_reward": 0.08389660559270697,
    "mean_length": 36.304,
    "std_length": 23.96070917147487,
    "mean_ttf": 0.7260800000000001,
    "std_ttf": 0.47921418342949745,
    "success_rate": 0.0,
    "rewards": [
      -0.31721907621249557,
      -0.1669541363371536,
      -0.21355475846212357,
      -0.1850302064558491,
      -0.19525294401682913,
      -0.19785235240124166,
      -0.1722761143464595,
      -0.11990663991309702,
      -0.15619342401623726,
      -0.25011943536810577,
      -0.020852020708844066,
      -0.18314048903994262,
      -0.10563681460916996,
      -0.29241219558753073,
      -0.2826410220004618,
      -0.09151774155907333,
      -0.1482465195003897,
      -0.3919359671417624,
      -0.14863565284758806,
      -0.08873092022258788,
      -0.12404968566261232,
      -0.10907871800009161,
      -0.24787685659248382,
      -0.26208510203287005,
      -0.15543614444322884,
      -0.07248559547588229,
      -0.29199356597382575,
      -0.09629384055733681,
      -0.1764097468694672,
      -0.41021344903856516,
      -0.17272881884127855,
      -0.22762841288931668,
      -0.1131832447135821,
      -0.19253340852446854,
      -0.19934273301623762,
      -0.42463098489679396,
      -0.18142698029987514,
      -0.10665602795779705,
      -0.13738136494066566,
      -0.13962775631807745,
      -0.07996478071436286,
      -0.1598589075729251,
      -0.03665884444490075,
      -0.16879719984717667,
      -0.15533418185077608,
      -0.1024521419312805,
      -0.20827264327090234,
      -0.11784646729938686,
      -0.18994914810173213,
      -0.22723893076181412,
      -0.15243587642908096,
      -0.11125028470996767,
      -0.12815756490454078,
      -0.13391102384775877,
      0.04450433433521539,
      -0.1267289031529799,
      -0.13787515787407756,
      -0.16696445434354246,
      -0.08449879777617753,
      -0.16552032297477126,
      -0.09830642270389944,
      -0.11085024639032781,
      -0.10372687014751136,
      -0.18324967264197767,
      -0.12117205164395273,
      -0.2815651227720082,
      -0.14191748364828527,
      -0.09672897448763251,
      -0.3666224868502468,
      -0.29725633282214403,
      -0.03211650834418833,
      -0.17020307737402618,
      -0.15729400026611984,
      -0.27248308854177594,
      -0.30259657942224294,
      -0.34476547222584486,
      -0.09900451265275478,
      -0.12187519716098905,
      -0.4192050884012133,
      -0.08627717569470406,
      -0.12496458343230188,
      -0.12080888508353382,
      -0.21488601621240377,
      -0.16029359435196966,
      -0.22922704718075693,
      -0.11044029891490936,
      -0.06653264840133488,
      -0.17519488791003823,
      -0.1527917729690671,
      -0.13460374879650772,
      -0.12509485916234553,
      -0.12045444687828422,
      -0.3894740049727261,
      -0.21094051213003695,
      -0.19333197746891528,
      -0.26536928955465555,
      -0.16849249112419784,
      -0.12916629458777606,
      -0.316722524468787,
      -0.302316089393571,
      -0.17099011316895485,
      -0.09456494590267539,
      -0.27453347481787205,
      -0.1430840571410954,
      -0.18687906302511692,
      -0.10111710010096431,
      -0.12738640839233994,
      -0.1690932607743889,
      -0.14925389480777085,
      -0.3510794290341437,
      -0.3613540877122432,
      -0.1874503088183701,
      -0.09431258810218424,
      -0.15248535596765578,
      -0.29708670917898417,
      -0.11119869560934603,
      -0.18922924844082445,
      -0.1478436782490462,
      -0.16991425771266222,
      -0.2876972509548068,
      -0.2667866151314229,
      -0.2391347581287846,
      -0.3091732831671834,
      -0.33709246828220785,
      -0.22307108086533844,
      -0.3818493029102683,
      -0.2937231073155999,
      -0.032802494475618005,
      -0.18781625013798475,
      -0.12228015623986721,
      -0.08323788596317172,
      -0.041153683327138424,
      -0.12812542682513595,
      -0.11609110480640084,
      -0.14487717021256685,
      -0.14528160658665001,
      -0.11719472240656614,
      -0.09752581710927188,
      -0.12266737362369895,
      -0.17757641640491784,
      -0.279867107514292,
      -0.13582043536007404,
      -0.21156863681972027,
      -0.2010010643862188,
      -0.13185903057456017,
      -0.2539717718027532,
      -0.10443032742477953,
      -0.21795980888418853,
      -0.16666912101209164,
      -0.11394757172092795,
      -0.1907271142117679,
      -0.19099242216907442,
      -0.12898141774348915,
      -0.15850963327102363,
      -0.13115819613449275,
      -0.12507087248377502,
      -0.2635952781420201,
      -0.0986256948672235,
      -0.13181017781607807,
      -0.21742862346582115,
      -0.2522171586751938,
      -0.31754625076428056,
      -0.10438785469159484,
      -0.30420996400061995,
      -0.10485155507922173,
      -0.0623176044318825,
      -0.3000140958465636,
      -0.17632277379743755,
      -0.06991756102070212,
      -0.2770826171617955,
      -0.10148868639953434,
      -0.1611279402859509,
      -0.2235017626080662,
      -0.16765545250382274,
      -0.09012140845879912,
      -0.221355538116768,
      -0.1906870163511485,
      -0.15604694886133075,
      -0.2482440173625946,
      -0.20264682569541037,
      -0.15997374546714127,
      -0.26859237463213503,
      -0.210045208921656,
      -0.15856250654906034,
      -0.2378815666306764,
      -0.15965408831834793,
      -0.24476482905447483,
      -0.3956061857752502,
      -0.10696847178041935,
      -0.1586810725275427,
      -0.07283889583777636,
      -0.23892243159934878,
      -0.1599986031651497,
      -0.155018231831491,
      -0.23994627827778459,
      -0.20448699174448848,
      -0.21893635019659996,
      -0.10880970733705908,
      -0.13376225833781064,
      -0.25304869352839887,
      -0.22035409626550972,
      -0.10189577285200357,
      -0.230401523062028,
      -0.21912461589090526,
      -0.21275412826798856,
      -0.11442750808782876,
      -0.17554124945309013,
      -0.12342459079809487,
      -0.12526581389829516,
      -0.11606522439979017,
      -0.10295937536284328,
      -0.32270541600883007,
      -0.24143043369986117,
      -0.44645056407898664,
      -0.3036561587359756,
      -0.07750406628474593,
      0.026466067996807396,
      -0.2706658197566867,
      -0.20786795939784497,
      -0.1206408750731498,
      -0.23575937910936773,
      -0.1922255519311875,
      -0.122795948991552,
      -0.1348715762142092,
      -0.17195797991007566,
      -0.07903038384392858,
      -0.1498761484399438,
      -0.10904677421785891,
      -0.2437702885363251,
      -0.29689844243694097,
      -0.17012790124863386,
      -0.10557668516412377,
      -0.21523736498784274,
      -0.09745314402971417,
      -0.10037974279839545,
      -0.14342448906973004,
      -0.2492080181837082,
      -0.11974645685404539,
      -0.12690071039833128,
      -0.12452425179071724,
      -0.21523484075441957,
      -0.30846412281971425,
      -0.11674745788332075,
      -0.26559483632445335,
      -0.14756121090613306,
      -0.14428241946734488,
      -0.07789939607027918,
      -0.07873283000662923,
      -0.2245175763964653,
      -0.25544320489279926
    ],